Date,Time,Home,HG,HxGt,HxGp,Away,AG,AxGt,AxGp,GD,xGDt,xGDp,Final,HxPts,AxPts
9/13/2026,21:00 EDT,SD,0,1.38,1.41,PHI,4,3.81,4.16,-4,-2.43,-2.75,-5,0.27,2.63
9/13/2026,18:30 EDT,VAN,1,3.03,3.05,ATX,2,0.82,0.82,-1,2.21,2.23,-1,2.68,0.22
9/13/2026,17:30 EDT,CHI,1,2.42,2.5,NER,2,1.21,1.21,-1,1.21,1.29,-1,2.2,0.6
9/12/2026,22:30 EDT,LAG,1,2.76,2.76,SEA,1,2.45,2.48,0,0.3,0.28,0,1.57,1.22
9/12/2026,22:30 EDT,SJE,1,1.12,1.12,HOU,0,0.95,1.06,1,0.17,0.06,1,1.48,1.2
9/12/2026,21:30 EDT,COL,1,2.64,2.66,MTL,0,0.87,0.87,1,1.77,1.79,1,2.53,0.34
9/12/2026,21:30 EDT,RSL,0,1.37,1.39,NYC,2,0.43,0.43,-2,0.94,0.95,-2,2.2,0.55
9/12/2026,20:30 EDT,FCD,2,1.1,1.17,POR,1,1.75,1.78,1,-0.66,-0.61,1,0.87,1.9
9/12/2026,20:30 EDT,SKC,3,2.44,2.74,LAFC,1,2.68,2.69,2,-0.24,0.05,2,1.25,1.54
9/12/2026,20:30 EDT,STL,4,2.08,2.08,MIN,2,1.94,1.96,2,0.14,0.12,2,1.46,1.29
9/12/2026,19:30 EDT,CIN,3,2.29,2.35,CLT,3,1.8,1.8,0,0.49,0.55,0,1.68,1.08
9/12/2026,19:30 EDT,CLB,0,2.01,2.09,NYRB,1,1.63,1.66,-1,0.38,0.43,-1,1.6,1.14
9/12/2026,19:30 EDT,ORL,3,2.17,2.17,TOR,0,2.93,2.96,3,-0.76,-0.79,3,0.93,1.87
9/12/2026,19:30 EDT,MIA,2,1.86,1.94,NSH,2,2.4,2.56,0,-0.54,-0.62,0,0.99,1.78
9/12/2026,19:30 EDT,DCU,0,0.39,0.39,ATL,0,3.2,3.3,0,-2.81,-2.91,0,0.04,2.93
9/9/2026,22:30 EDT,SD,2,2.34,2.34,SJE,3,1.6,1.61,-1,0.74,0.74,-1,1.93,0.82
9/9/2026,22:30 EDT,POR,2,1.27,1.29,STL,2,2.46,2.53,0,-1.19,-1.24,0,0.51,2.31
9/9/2026,22:30 EDT,LAFC,2,1.63,1.64,NYRB,0,0.88,0.88,2,0.75,0.76,2,1.98,0.78
9/9/2026,22:30 EDT,VAN,3,2.63,2.66,LAG,0,0.7,0.7,3,1.93,1.96,3,2.62,0.25
9/9/2026,20:30 EDT,ATX,1,1.09,1.09,COL,1,0.7,0.7,0,0.39,0.38,0,1.62,1.04
9/9/2026,20:30 EDT,MIN,1,1.33,1.61,FCD,2,2.4,2.83,-1,-1.07,-1.21,-1,0.68,2.13
9/9/2026,20:30 EDT,CHI,1,1.12,1.12,MIA,1,1.73,1.83,0,-0.61,-0.71,0,0.99,1.75
9/9/2026,20:30 EDT,HOU,2,1.55,1.7,RSL,1,1.73,1.73,1,-0.17,-0.02,1,1.17,1.54
9/9/2026,20:00 EDT,NYC,1,1.68,1.69,NER,2,2.05,2.21,-1,-0.37,-0.53,-1,1.02,1.71
9/9/2026,19:45 EDT,PHI,5,3.69,3.83,CIN,0,0.04,0.04,5,3.65,3.79,5,2.99,0
9/9/2026,19:30 EDT,DCU,2,2.15,2.17,CLB,1,0.98,0.98,1,1.17,1.2,1,2.18,0.62
9/9/2026,19:30 EDT,MTL,1,1.6,1.61,CLT,2,1.98,2,-1,-0.38,-0.39,-1,1.1,1.68
9/9/2026,19:30 EDT,ATL,0,1.02,1.05,ORL,3,2.75,2.87,-3,-1.73,-1.82,-1,0.42,2.46
9/9/2026,19:30 EDT,TOR,2,2.44,2.44,NSH,0,0.92,0.92,2,1.53,1.53,1,2.41,0.42
9/5/2026,22:30 EDT,VAN,1,1.52,1.52,STL,3,1.87,1.88,-2,-0.35,-0.36,-2,1.09,1.66
9/5/2026,22:30 EDT,POR,4,2.56,2.74,MIN,4,2.12,2.15,0,0.44,0.59,1,1.71,1.06
9/5/2026,21:30 EDT,RSL,2,2.87,3,LAFC,2,2.61,2.62,0,0.25,0.38,0,1.44,1.35
9/5/2026,21:30 EDT,LAG,2,1.19,1.19,NER,1,2.72,2.81,1,-1.54,-1.62,1,0.4,2.42
9/5/2026,21:05 EDT,MIA,2,1.78,1.82,ATL,2,3.4,3.53,0,-1.62,-1.72,0,0.43,2.43
9/5/2026,20:30 EDT,ATX,1,1.4,1.41,SJE,1,1.56,1.56,0,-0.16,-0.15,0,1.26,1.47
9/5/2026,20:30 EDT,FCD,4,2.59,2.67,SKC,3,3.35,3.55,1,-0.76,-0.89,1,0.96,1.83
9/5/2026,20:30 EDT,SEA,0,2.3,2.34,NYRB,0,1.13,1.13,0,1.17,1.2,0,2.08,0.73
9/5/2026,19:30 EDT,TOR,4,1.9,1.91,CHI,3,2,2.01,1,-0.1,-0.1,0,1.36,1.39
9/5/2026,19:30 EDT,PHI,2,2.77,3.04,MTL,0,1.52,1.52,2,1.25,1.52,2,2.16,0.63
9/5/2026,19:30 EDT,CLT,0,1.03,1.03,HOU,0,1.27,1.27,0,-0.25,-0.25,0,1.24,1.44
9/5/2026,19:30 EDT,CLB,3,1.82,1.89,COL,0,0.68,0.68,3,1.14,1.21,3,2.25,0.55
9/5/2026,19:30 EDT,ORL,1,2.47,2.56,SD,0,0.38,0.38,1,2.09,2.18,1,2.78,0.13
9/4/2026,19:30 EDT,NYC,0,1.03,1.03,NSH,0,1.29,1.29,0,-0.27,-0.26,0,1.1,1.57
8/30/2026,19:00 EDT,STL,3,1.27,1.28,FCD,3,1.22,1.22,0,0.06,0.06,0,1.36,1.33
8/30/2026,16:30 EDT,CLB,1,0.6,0.6,NER,3,1.42,1.42,-2,-0.82,-0.82,-2,0.77,1.95
8/29/2026,22:30 EDT,SD,3,2.57,2.58,LAG,1,0.9,0.9,2,1.67,1.68,2,2.44,0.42
8/29/2026,22:30 EDT,POR,1,1.97,2.04,ATX,2,1.25,1.4,-1,0.71,0.64,-1,1.91,0.85
8/29/2026,21:30 EDT,COL,1,2.29,2.36,RSL,0,0.13,0.13,1,2.15,2.23,1,2.9,0.06
8/29/2026,20:30 EDT,MIN,3,3.15,3.4,ORL,3,0.99,0.99,0,2.15,2.4,0,2.64,0.26
8/29/2026,20:30 EDT,HOU,0,0.7,0.7,SJE,0,1.15,1.15,0,-0.45,-0.45,0,0.98,1.71
8/29/2026,20:30 EDT,NSH,4,2.15,2.15,CIN,0,1.9,2.03,4,0.25,0.12,4,1.55,1.23
8/29/2026,20:30 EDT,SKC,0,0.5,0.5,VAN,3,3.33,3.35,-3,-2.83,-2.85,-3,0.06,2.9
8/29/2026,19:30 EDT,ATL,0,1.07,1.09,CLT,2,2.17,2.22,-2,-1.1,-1.13,-2,0.63,2.16
8/29/2026,19:30 EDT,TOR,1,0.58,0.58,NYC,1,0.3,0.3,0,0.28,0.28,0,1.55,0.97
8/29/2026,19:30 EDT,NYRB,1,2.96,3.02,PHI,3,2.53,2.65,-2,0.43,0.37,-2,1.69,1.07
8/29/2026,19:30 EDT,MIA,7,3.06,3.08,MTL,1,0.78,0.82,6,2.27,2.26,6,2.67,0.24
8/29/2026,19:30 EDT,DCU,0,1.33,1.45,LAFC,0,1.8,1.83,0,-0.46,-0.38,0,1.03,1.73
8/29/2026,16:30 EDT,SEA,2,1.09,1.09,CHI,2,2.31,2.33,0,-1.22,-1.23,0,0.54,2.27
8/23/2026,19:00 EDT,ATL,2,1.68,1.69,SKC,1,0.62,0.62,1,1.06,1.07,1,2.27,0.51
8/23/2026,16:30 EDT,NER,1,3.1,3.1,NYC,1,1.35,1.39,0,1.75,1.71,0,2.57,0.31
8/22/2026,22:30 EDT,LAFC,1,3.18,3.2,POR,1,0.8,0.8,0,2.37,2.4,0,2.69,0.21
8/22/2026,22:30 EDT,SJE,1,2.16,2.19,MIN,5,2.06,2.14,-4,0.1,0.05,-4,1.46,1.31
8/22/2026,22:30 EDT,SD,3,1.24,1.24,COL,0,0.49,0.49,3,0.75,0.75,3,2.05,0.68
8/22/2026,21:30 EDT,VAN,5,1.55,1.55,FCD,0,1.74,1.82,5,-0.19,-0.27,5,1.18,1.54
8/22/2026,21:00 EDT,ATX,1,1.44,1.45,PHI,1,0.96,0.96,0,0.48,0.49,0,1.74,0.98
8/22/2026,20:30 EDT,NSH,3,0.79,0.79,CLB,2,0.26,0.26,1,0.53,0.53,1,1.81,0.77
8/22/2026,20:30 EDT,STL,2,1.34,1.34,HOU,1,1.59,1.68,1,-0.25,-0.34,1,1.18,1.56
8/22/2026,19:30 EDT,CLT,3,2.07,2.15,DCU,1,1.75,2.17,2,0.32,-0.02,2,1.6,1.15
8/22/2026,19:30 EDT,NYRB,1,0.73,0.73,CHI,1,0.76,0.76,0,-0.03,-0.03,0,1.3,1.31
8/22/2026,19:30 EDT,ORL,2,2.24,2.69,RSL,1,0.4,0.41,1,1.83,2.28,1,2.62,0.25
8/22/2026,19:30 EDT,MIA,1,1.81,1.81,TOR,2,0.77,0.77,-1,1.04,1.04,-1,2.15,0.63
8/22/2026,19:30 EDT,MTL,2,1.77,1.79,LAG,2,1.07,1.13,0,0.7,0.65,0,1.91,0.85
8/22/2026,19:30 EDT,CIN,1,1.94,2.41,SEA,1,1.25,1.3,0,0.69,1.12,0,1.85,0.91
8/19/2026,22:30 EDT,POR,3,1.85,1.85,SD,1,1.74,1.75,2,0.11,0.11,2,1.51,1.26
8/19/2026,22:30 EDT,VAN,0,1.76,1.77,HOU,1,0.83,0.83,-1,0.94,0.94,-1,2.06,0.69
8/19/2026,22:30 EDT,LAG,1,1.76,1.76,SJE,0,2.12,2.14,1,-0.36,-0.37,1,1.17,1.57
8/19/2026,21:30 EDT,COL,0,2.94,2.94,LAFC,0,0.58,0.62,0,2.36,2.32,1,2.82,0.12
8/19/2026,21:30 EDT,RSL,3,1.87,1.87,FCD,4,2.36,2.43,-1,-0.5,-0.56,-1,1.04,1.76
8/19/2026,21:30 EDT,SEA,1,1.59,1.59,ATX,2,1.24,1.25,-1,0.36,0.34,-1,1.5,1.22
8/19/2026,20:30 EDT,MIN,1,2.52,2.66,ATL,2,1.18,1.19,-1,1.33,1.48,-1,2.27,0.53
8/19/2026,20:00 EDT,SKC,1,2.25,2.25,STL,1,0.72,0.72,0,1.54,1.54,0,2.42,0.41
8/19/2026,19:30 EDT,CLB,0,0.42,0.44,MTL,2,1.37,1.37,-2,-0.96,-0.94,-1,0.52,2.23
8/19/2026,19:30 EDT,PHI,2,3.24,3.44,MIA,2,1.56,1.56,0,1.68,1.88,0,2.41,0.45
8/19/2026,19:30 EDT,CIN,2,1.51,1.51,NYC,1,2.15,2.16,1,-0.63,-0.65,1,0.95,1.85
8/19/2026,19:30 EDT,NYRB,0,2.3,2.3,NSH,1,1.06,1.06,-1,1.24,1.24,-1,2.3,0.52
8/19/2026,19:30 EDT,DCU,0,2.02,2.12,NER,3,2.45,2.48,-3,-0.43,-0.36,-3,1.07,1.71
8/19/2026,19:30 EDT,ORL,1,1.73,1.73,CHI,2,1.35,1.37,-1,0.37,0.36,-1,1.67,1.04
8/19/2026,19:30 EDT,TOR,3,2.13,2.25,CLT,3,1.94,2.25,0,0.2,0,0,1.51,1.25
8/16/2026,22:30 EDT,SEA,0,0.89,0.89,VAN,2,1.93,1.95,-2,-1.04,-1.05,-2,0.64,2.15
8/16/2026,20:30 EDT,ATX,1,0.71,0.72,FCD,2,1.63,1.63,-1,-0.92,-0.91,-1,0.71,2.07
8/16/2026,18:00 EDT,CHI,2,1.27,1.28,POR,1,1.17,1.17,1,0.1,0.11,1,1.43,1.26
8/16/2026,18:00 EDT,NYC,2,2.65,2.7,PHI,3,2.71,2.71,-1,-0.06,-0.01,-1,1.32,1.44
8/15/2026,22:30 EDT,LAFC,0,1.1,1.11,SD,1,1.05,1.07,-1,0.05,0.04,-1,1.31,1.32
8/15/2026,22:30 EDT,SJE,1,0.22,0.22,STL,3,3.11,3.11,-2,-2.89,-2.89,-2,0.06,2.9
8/15/2026,21:30 EDT,COL,2,3.13,3.21,SKC,0,0.41,0.42,2,2.72,2.79,2,2.81,0.12
8/15/2026,21:30 EDT,RSL,1,1.19,1.19,MIN,1,2.37,2.42,0,-1.18,-1.23,0,0.61,2.2
8/15/2026,20:30 EDT,HOU,1,1.35,1.35,LAG,0,0.96,0.96,1,0.39,0.39,1,1.69,1.01
8/15/2026,20:30 EDT,NSH,4,2.2,2.22,MIA,1,2.71,2.76,3,-0.51,-0.54,3,1.1,1.71
8/15/2026,19:30 EDT,TOR,1,0.16,0.16,NER,1,2.48,2.52,0,-2.32,-2.36,1,0.12,2.79
8/15/2026,19:30 EDT,MTL,1,2.69,2.79,DCU,1,0.73,0.73,0,1.96,2.06,0,2.61,0.27
8/15/2026,19:30 EDT,ORL,1,1.81,1.83,CIN,1,1,1.01,0,0.81,0.82,0,1.96,0.81
8/15/2026,19:30 EDT,ATL,2,1.99,1.99,NYRB,1,1.36,1.37,1,0.63,0.62,1,1.89,0.88
8/15/2026,19:30 EDT,CLT,3,1.85,1.85,CLB,1,2.34,2.35,2,-0.49,-0.5,2,1.07,1.68
8/8/2026,16:30 EDT,NER,0,0.43,0.43,HOU,2,1.08,1.14,-2,-0.65,-0.71,-2,0.71,1.94
8/1/2026,22:45 EDT,POR,2,2.02,2.07,SEA,1,1.38,1.42,1,0.64,0.65,1,2,0.77
8/1/2026,22:30 EDT,LAG,0,1.59,1.64,FCD,0,2.17,2.25,0,-0.58,-0.61,0,0.98,1.82
8/1/2026,21:46 EDT,CIN,4,2.97,2.99,SJE,2,1.45,1.45,2,1.53,1.54,2,2.35,0.51
8/1/2026,21:30 EDT,COL,1,2.9,3.08,ATX,0,0.86,0.87,1,2.05,2.21,1,2.64,0.25
8/1/2026,20:30 EDT,MIN,1,1.2,1.23,SD,1,1.85,1.92,0,-0.65,-0.69,0,0.9,1.87
8/1/2026,20:30 EDT,STL,1,2.22,2.23,RSL,1,1.24,1.24,0,0.98,0.98,0,2.07,0.73
8/1/2026,20:30 EDT,SKC,0,0.5,0.5,HOU,2,1.37,1.37,-2,-0.87,-0.87,-2,0.6,2.14
8/1/2026,20:30 EDT,CHI,2,1.17,1.17,CLT,1,1.12,1.12,1,0.05,0.05,1,1.43,1.27
8/1/2026,20:10 EDT,MIA,2,1.52,1.58,CLB,1,1.01,1.01,1,0.5,0.56,0,1.71,1.01
8/1/2026,19:30 EDT,DCU,2,2.03,2.08,NSH,2,1.81,1.83,0,0.22,0.25,0,1.59,1.18
8/1/2026,19:30 EDT,NYRB,3,3.82,3.82,ORL,2,3.78,4.54,1,0.04,-0.72,1,1.37,1.44
8/1/2026,19:30 EDT,PHI,3,2.44,2.45,ATL,2,0.7,0.7,1,1.74,1.75,1,2.53,0.31
8/1/2026,19:30 EDT,VAN,1,2.67,2.69,LAFC,1,0.31,0.31,0,2.36,2.38,0,2.81,0.11
8/1/2026,19:30 EDT,MTL,2,1.14,1.14,NER,2,4.12,4.26,0,-2.98,-3.12,0,0.09,2.85
7/31/2026,19:30 EDT,NYC,1,2.33,2.53,TOR,1,0.93,0.97,0,1.4,1.56,0,2.34,0.48
7/25/2026,22:30 EDT,SJE,1,4.02,4.21,LAG,1,1.14,1.14,0,2.88,3.06,0,2.79,0.15
7/25/2026,22:30 EDT,LAFC,4,1.42,1.42,SKC,0,0.6,0.61,4,0.82,0.81,4,2.09,0.66
7/25/2026,22:30 EDT,POR,2,2.36,2.39,RSL,1,0.24,0.24,1,2.11,2.15,1,2.74,0.16
7/25/2026,21:30 EDT,SD,1,1.6,1.6,FCD,0,0.67,0.67,1,0.93,0.93,1,2.16,0.64
7/25/2026,20:46 EDT,ORL,1,1.01,1.02,NSH,0,1,1,1,0.01,0.02,1,1.31,1.32
7/25/2026,20:30 EDT,HOU,3,1.63,1.63,ATX,0,1.23,1.23,3,0.4,0.4,3,1.68,1.07
7/25/2026,20:30 EDT,MIN,0,1.28,1.29,VAN,0,0.52,0.52,0,0.76,0.76,0,1.96,0.75
7/25/2026,20:30 EDT,STL,1,1.01,1.02,COL,0,0.13,0.13,1,0.88,0.89,1,2.17,0.48
7/25/2026,19:30 EDT,NYC,3,1.65,1.65,CHI,1,1.78,1.78,2,-0.13,-0.13,2,1.3,1.42
7/25/2026,19:30 EDT,MTL,0,1.85,1.85,MIA,1,2.03,2.03,-1,-0.19,-0.19,-1,1.24,1.46
7/25/2026,19:30 EDT,PHI,1,1.42,1.42,SEA,0,0.65,0.65,1,0.77,0.77,1,2.04,0.69
7/25/2026,19:30 EDT,NER,4,2.29,2.29,ATL,1,1.31,1.31,3,0.98,0.98,3,2.1,0.69
7/25/2026,19:30 EDT,DCU,1,2.08,2.23,TOR,1,1.4,1.52,0,0.68,0.71,1,1.97,0.83
7/25/2026,19:15 EDT,CLB,2,2.12,2.12,CIN,1,0.92,0.92,1,1.2,1.2,1,2.3,0.52
7/25/2026,18:30 EDT,NYRB,0,2.68,2.72,CLT,2,0.73,0.73,-2,1.95,1.99,-2,2.63,0.26
7/22/2026,22:30 EDT,LAFC,2,1.48,1.48,RSL,1,2.17,2.22,1,-0.69,-0.74,2,0.95,1.82
7/22/2026,22:30 EDT,LAG,1,1.29,1.29,STL,3,2.11,2.16,-2,-0.83,-0.87,-2,0.78,2
7/22/2026,22:30 EDT,POR,2,2.63,2.66,FCD,2,1.55,1.55,0,1.08,1.1,0,2.06,0.74
7/22/2026,22:30 EDT,SJE,0,1.4,1.4,ORL,4,1.61,1.61,-4,-0.21,-0.21,-4,1.3,1.47
7/22/2026,21:30 EDT,ATX,3,1.68,1.68,SEA,1,1.54,1.65,2,0.13,0.02,2,1.51,1.25
7/22/2026,21:30 EDT,COL,1,0.59,0.59,SD,0,0.98,1.02,1,-0.39,-0.43,1,0.98,1.68
7/22/2026,20:30 EDT,NSH,1,1.97,2.13,MTL,0,1.06,1.15,1,0.91,0.98,1,2.15,0.62
7/22/2026,20:30 EDT,HOU,1,1.07,1.07,DCU,1,0.64,0.64,0,0.43,0.43,0,1.71,0.96
7/22/2026,20:30 EDT,SKC,2,1.24,1.24,MIN,1,1.65,1.65,1,-0.41,-0.41,1,1.09,1.67
7/22/2026,20:15 EDT,CLT,2,3.49,3.87,ATL,2,1.79,1.79,0,1.7,2.08,0,2.25,0.6
7/22/2026,19:30 EDT,NER,0,1.05,1.06,TOR,0,1.43,1.43,0,-0.38,-0.37,0,0.99,1.69
7/22/2026,19:30 EDT,PHI,3,2.99,3.03,NYRB,1,0.75,0.75,2,2.24,2.29,2,2.63,0.26
7/22/2026,19:30 EDT,CLB,1,1.73,1.73,NYC,2,1.54,1.57,-1,0.19,0.16,-1,1.54,1.15
7/22/2026,19:30 EDT,MIA,3,2.32,2.38,CHI,1,2.06,2.08,2,0.25,0.3,1,1.59,1.19
7/22/2026,19:30 EDT,CIN,4,1.93,1.98,VAN,3,1.88,1.91,1,0.05,0.07,1,1.47,1.29
7/17/2026,22:25 EDT,LAG,0,1.37,1.42,LAFC,3,2.21,2.24,-3,-0.84,-0.82,-3,0.79,1.98
7/17/2026,20:10 EDT,NSH,1,0.8,0.8,ATL,0,1.75,1.75,1,-0.95,-0.95,1,0.59,2.18
7/16/2026,22:30 EDT,SEA,1,0.63,0.63,POR,5,2.95,3.06,-4,-2.32,-2.42,-4,0.16,2.77
7/16/2026,20:30 EDT,STL,3,3,3.15,SKC,2,1.55,1.55,1,1.45,1.6,1,2.29,0.55
7/16/2026,19:30 EDT,MTL,0,0.96,0.96,TOR,0,0.54,0.54,0,0.43,0.43,0,1.7,0.94
5/24/2026,21:15 EDT,LAFC,1,1.9,1.92,SEA,0,1.16,1.16,1,0.75,0.76,1,1.92,0.84
5/24/2026,19:00 EDT,MIA,6,4.62,4.82,PHI,4,4.18,4.22,2,0.44,0.6,2,1.69,1.14
5/24/2026,17:00 EDT,CLB,2,1.52,1.55,ATL,0,1.39,1.47,2,0.13,0.08,2,1.46,1.26
5/23/2026,22:30 EDT,LAG,1,3.05,3.05,HOU,1,0.7,0.7,0,2.35,2.35,0,2.7,0.2
5/23/2026,21:30 EDT,POR,1,2.37,2.37,SJE,3,1.05,1.05,-2,1.31,1.32,-2,2.21,0.59
5/23/2026,21:30 EDT,SD,2,1.14,1.15,VAN,4,4.12,4.2,-2,-2.98,-3.05,-2,0.13,2.81
5/23/2026,21:30 EDT,COL,1,1.61,1.62,FCD,2,1.72,1.72,-1,-0.11,-0.1,-1,1.18,1.55
5/23/2026,20:30 EDT,CHI,2,1.78,1.79,TOR,1,1.52,1.52,1,0.26,0.27,1,1.57,1.2
5/23/2026,20:30 EDT,SKC,1,1.81,1.81,NYRB,2,1.01,1.01,-1,0.8,0.8,-1,2.02,0.75
5/23/2026,20:30 EDT,NSH,2,1.01,1.06,NYC,1,1.51,1.51,1,-0.5,-0.45,1,0.94,1.79
5/23/2026,19:30 EDT,DCU,4,2.99,3.02,MTL,4,3.7,4.03,0,-0.7,-1.01,0,0.97,1.84
5/23/2026,19:30 EDT,CLT,1,1.59,1.65,NER,0,1.01,1.01,1,0.59,0.64,1,1.8,0.92
5/23/2026,19:30 EDT,CIN,6,3.47,4.1,ORL,2,2.06,2.07,4,1.41,2.03,4,2.22,0.63
5/23/2026,16:30 EDT,MIN,1,0.9,0.9,RSL,1,0.41,0.41,0,0.49,0.49,0,1.81,0.84
5/23/2026,14:45 EDT,STL,2,1.02,1.02,ATX,0,0.61,0.61,2,0.42,0.41,3,1.7,0.96
5/17/2026,20:00 EDT,NSH,3,0.68,0.68,LAFC,2,2.54,2.54,1,-1.86,-1.86,1,0.21,2.68
5/17/2026,18:00 EDT,MIA,2,4.27,4.29,POR,0,1.29,1.3,2,2.98,2.99,2,2.75,0.18
5/16/2026,22:30 EDT,SJE,2,2.08,2.12,FCD,3,2.8,2.85,-1,-0.71,-0.73,-1,0.96,1.84
5/16/2026,21:30 EDT,SD,3,1.94,1.94,CIN,3,1.52,1.52,0,0.42,0.42,0,1.66,1.1
5/16/2026,21:30 EDT,RSL,2,1.72,1.75,COL,1,0.83,0.83,1,0.89,0.91,1,2.01,0.75
5/16/2026,21:15 EDT,SEA,0,1.79,1.8,LAG,2,1.88,1.88,-2,-0.08,-0.08,-2,1.36,1.4
5/16/2026,20:30 EDT,ATX,1,0.37,0.37,SKC,2,1.64,1.64,-1,-1.27,-1.27,-1,0.43,2.33
5/16/2026,20:30 EDT,HOU,1,1.4,1.4,VAN,0,0.59,0.59,1,0.81,0.81,1,2.07,0.68
5/16/2026,19:30 EDT,DCU,1,1.27,1.27,STL,1,1.07,1.07,0,0.2,0.21,0,1.5,1.24
5/16/2026,19:30 EDT,NYRB,1,2.3,2.31,NYC,1,1.44,1.45,0,0.86,0.86,0,2.14,0.67
5/16/2026,19:30 EDT,NER,2,2.01,2.03,MIN,1,2.27,2.29,1,-0.26,-0.26,1,1.19,1.56
5/16/2026,19:30 EDT,ORL,1,1.43,1.43,ATL,1,1.64,1.66,0,-0.21,-0.23,0,1.2,1.52
5/16/2026,19:30 EDT,PHI,1,0.98,0.99,CLB,1,0.6,0.6,0,0.38,0.38,0,1.68,0.95
5/16/2026,19:30 EDT,CLT,3,2.53,2.53,TOR,1,1.36,1.38,2,1.18,1.16,2,2.26,0.56
5/16/2026,16:30 EDT,MTL,0,1.33,1.34,CHI,2,1.77,1.8,-2,-0.43,-0.46,-2,1.07,1.7
5/13/2026,21:30 EDT,RSL,2,0.77,0.77,HOU,0,0.86,0.86,2,-0.1,-0.1,3,1.22,1.44
5/13/2026,21:30 EDT,SEA,3,3.42,3.51,SJE,2,1.48,1.48,1,1.94,2.03,1,2.48,0.37
5/13/2026,21:30 EDT,SD,5,2.53,2.53,ATX,0,0.61,0.61,5,1.92,1.93,5,2.54,0.32
5/13/2026,20:30 EDT,MIN,0,1.35,1.37,COL,1,0.48,0.48,-1,0.87,0.89,-1,2.14,0.6
5/13/2026,20:30 EDT,STL,2,2.01,2.04,LAFC,1,2.29,2.34,1,-0.28,-0.29,1,1.25,1.51
5/13/2026,20:30 EDT,FCD,2,1.41,1.41,VAN,2,0.97,0.99,0,0.43,0.42,-1,1.75,0.97
5/13/2026,20:30 EDT,SKC,3,2.52,2.53,LAG,1,1.62,1.63,2,0.9,0.9,2,1.93,0.87
5/13/2026,19:30 EDT,MTL,2,2.1,2.1,POR,2,1.79,1.81,0,0.31,0.3,0,1.64,1.13
5/13/2026,19:30 EDT,NYRB,3,2.82,2.86,CLB,2,1.6,1.6,1,1.21,1.26,1,2.21,0.61
5/13/2026,19:30 EDT,ORL,4,2.58,2.58,PHI,3,1.99,2.01,1,0.58,0.56,1,1.8,0.98
5/13/2026,19:30 EDT,CIN,3,1.56,1.56,MIA,4,2.87,2.88,-1,-1.31,-1.32,-2,0.58,2.23
5/13/2026,19:30 EDT,NER,0,0.66,0.66,NSH,3,1.2,1.2,-3,-0.55,-0.55,-3,0.83,1.88
5/13/2026,19:30 EDT,DCU,1,1.11,1.15,CHI,3,2.27,2.28,-2,-1.17,-1.13,-2,0.53,2.29
5/13/2026,19:15 EDT,CLT,0,0.39,0.39,NYC,1,1.07,1.07,-1,-0.68,-0.68,-1,0.64,2.04
5/10/2026,21:00 EDT,LAFC,1,1.39,1.39,HOU,4,0.97,1,-3,0.42,0.39,-3,1.69,1.02
5/10/2026,19:00 EDT,MIN,2,2.76,2.76,ATX,2,1.68,1.71,0,1.07,1.06,0,2.05,0.75
5/10/2026,16:30 EDT,NYC,3,1.33,1.33,CLB,0,1.21,1.21,3,0.13,0.12,3,1.46,1.28
5/9/2026,22:30 EDT,SJE,1,1.31,1.44,VAN,1,1.99,2.07,0,-0.68,-0.63,0,0.85,1.9
5/9/2026,22:30 EDT,SEA,1,3.76,3.84,SD,1,1.91,1.98,0,1.85,1.86,0,2.35,0.52
5/9/2026,22:30 EDT,POR,5,1.24,1.25,SKC,0,0.44,0.44,5,0.8,0.8,6,1.97,0.72
5/9/2026,21:30 EDT,COL,0,1.75,1.75,STL,1,1.69,1.7,-1,0.06,0.05,-1,1.39,1.31
5/9/2026,21:15 EDT,NSH,2,2.03,2.09,DCU,2,2.16,2.16,0,-0.13,-0.07,0,1.29,1.46
5/9/2026,20:30 EDT,FCD,3,2.33,2.4,RSL,1,0.84,0.84,2,1.49,1.56,2,2.4,0.45
5/9/2026,19:30 EDT,ATL,1,1.51,1.52,LAG,2,2.34,2.42,-1,-0.84,-0.9,-1,0.85,1.95
5/9/2026,19:30 EDT,NER,2,1.06,1.06,PHI,0,1.39,1.41,2,-0.32,-0.35,1,1.1,1.6
5/9/2026,19:30 EDT,CLT,2,1.69,1.71,CIN,2,1.61,1.68,0,0.08,0.04,0,1.42,1.33
5/9/2026,16:30 EDT,MTL,2,2.68,2.69,ORL,0,0.74,0.74,2,1.94,1.95,2,2.66,0.23
5/9/2026,14:30 EDT,CHI,1,1.27,1.31,NYRB,3,1.55,1.55,-2,-0.27,-0.24,-2,1.14,1.58
5/9/2026,13:00 EDT,TOR,2,1,1,MIA,4,1.63,1.64,-2,-0.63,-0.63,-2,0.88,1.85
5/3/2026,17:30 EDT,ATX,2,2.1,2.11,STL,0,1.68,1.72,2,0.42,0.4,2,1.67,1.08
5/3/2026,15:00 EDT,NYC,0,0.55,0.55,DCU,2,2.82,2.83,-2,-2.28,-2.29,-2,0.16,2.75
5/2/2026,22:30 EDT,LAG,1,1.59,1.62,VAN,1,2.23,2.24,0,-0.65,-0.63,0,0.95,1.83
5/2/2026,21:30 EDT,SD,2,1.29,1.29,LAFC,2,1.37,1.4,0,-0.08,-0.1,0,1.24,1.45
5/2/2026,20:30 EDT,HOU,1,0.78,0.79,COL,0,0.48,0.48,1,0.31,0.31,1,1.6,0.99
5/2/2026,20:30 EDT,CHI,2,4.72,4.82,CIN,3,1.89,1.98,-1,2.82,2.84,-1,2.72,0.2
5/2/2026,19:30 EDT,ATL,3,1.47,1.48,MTL,1,1.04,1.06,2,0.43,0.42,2,1.69,1.05
5/2/2026,19:30 EDT,NYRB,0,0.7,0.7,FCD,2,1.39,1.39,-2,-0.69,-0.69,-2,0.83,1.93
5/2/2026,19:30 EDT,CLB,2,1.69,1.79,MIN,3,1.52,1.52,-1,0.17,0.26,-1,1.52,1.24
5/2/2026,19:30 EDT,PHI,0,1.72,1.75,NSH,0,0.72,0.72,0,1,1.03,0,2.14,0.64
5/2/2026,19:30 EDT,NER,1,1.78,1.79,CLT,0,1.47,1.51,1,0.3,0.28,1,1.56,1.15
5/2/2026,19:15 EDT,MIA,3,3.44,3.57,ORL,4,2.79,2.8,-1,0.65,0.77,-1,1.77,1.01
5/2/2026,16:45 EDT,RSL,2,2.88,3.02,POR,0,1.21,1.23,2,1.68,1.79,2,2.35,0.49
5/2/2026,14:30 EDT,SKC,1,1.86,1.86,SEA,1,2.08,2.08,0,-0.22,-0.23,0,1.24,1.53
5/2/2026,13:00 EDT,TOR,1,0.96,0.96,SJE,1,0.99,1,0,-0.03,-0.03,0,1.3,1.36
4/26/2026,19:00 EDT,LAG,2,2.69,2.69,RSL,0,1.81,1.81,2,0.88,0.88,1,2.06,0.75
4/25/2026,22:30 EDT,VAN,3,4.36,4.36,COL,1,2.17,2.68,2,2.19,1.68,2,2.51,0.38
4/25/2026,22:30 EDT,SEA,2,2.09,2.09,FCD,1,0.8,0.81,1,1.3,1.28,1,2.32,0.49
4/25/2026,21:30 EDT,SD,1,2.02,2.09,POR,2,0.92,0.95,-1,1.1,1.14,-1,2.22,0.58
4/25/2026,20:30 EDT,CHI,5,3.36,3.39,SKC,0,0.4,0.4,5,2.96,2.98,5,2.92,0.05
4/25/2026,20:30 EDT,ATX,2,0.81,0.81,HOU,0,1,1,2,-0.2,-0.19,2,1.11,1.56
4/25/2026,20:30 EDT,NSH,4,1.23,1.24,CLT,2,1.09,1.09,2,0.14,0.15,2,1.51,1.21
4/25/2026,20:30 EDT,STL,2,2.75,2.83,SJE,3,1.61,1.62,-1,1.14,1.21,-1,2.1,0.68
4/25/2026,19:30 EDT,DCU,3,1.09,1.09,ORL,2,1.13,1.41,1,-0.04,-0.32,1,1.24,1.43
4/25/2026,19:30 EDT,CIN,2,2.63,2.75,NYRB,0,1.57,1.57,2,1.06,1.18,2,2.14,0.68
4/25/2026,19:30 EDT,CLB,1,1.02,1.02,PHI,0,1.2,1.27,1,-0.18,-0.25,2,1.16,1.54
4/25/2026,19:30 EDT,MIA,1,2.83,2.98,NER,1,1.61,1.62,0,1.22,1.37,0,2.14,0.67
4/25/2026,16:45 EDT,MIN,0,2.45,2.5,LAFC,1,0.9,0.9,-1,1.56,1.61,-1,2.42,0.41
4/25/2026,14:30 EDT,MTL,1,0.9,0.9,NYC,0,0.55,0.55,1,0.35,0.35,1,1.65,1
4/25/2026,13:00 EDT,TOR,1,0.63,0.63,ATL,2,0.81,0.81,-1,-0.18,-0.18,-1,1.12,1.5
4/22/2026,22:30 EDT,LAFC,0,0.18,0.18,COL,0,0.46,0.46,0,-0.29,-0.29,0,0.88,1.55
4/22/2026,22:30 EDT,SJE,5,5.7,5.73,ATX,1,0.77,0.77,4,4.92,4.96,4,2.98,0.01
4/22/2026,21:45 EDT,CLB,2,1.11,1.11,LAG,1,0.85,0.85,1,0.27,0.27,1,1.55,1.13
4/22/2026,21:30 EDT,RSL,0,1.19,1.19,MIA,2,2.2,2.25,-2,-1.01,-1.07,-2,0.7,2.09
4/22/2026,20:30 EDT,HOU,1,0.73,0.74,SD,0,0.95,0.95,1,-0.21,-0.2,1,1.18,1.48
4/22/2026,20:30 EDT,FCD,0,1.24,1.25,MIN,1,0.9,1.02,-1,0.33,0.24,-1,1.67,1.01
4/22/2026,19:45 EDT,ATL,1,2.6,2.82,NER,2,0.95,0.95,-1,1.66,1.88,-1,2.5,0.36
4/22/2026,19:30 EDT,NYC,4,2.35,2.36,CIN,4,1.77,1.78,0,0.58,0.57,0,1.77,1
4/22/2026,19:30 EDT,TOR,3,1.67,1.71,PHI,3,0.98,0.98,0,0.7,0.73,0,1.96,0.8
4/22/2026,19:30 EDT,NYRB,4,1.83,1.83,DCU,4,3.53,3.54,0,-1.7,-1.7,0,0.51,2.35
4/22/2026,19:30 EDT,ORL,4,1.61,1.61,CLT,1,1.8,1.8,3,-0.18,-0.18,3,1.25,1.48
4/19/2026,19:00 EDT,LAFC,0,1.83,1.84,SJE,3,2.17,2.17,-3,-0.34,-0.33,-3,1.14,1.63
4/18/2026,21:30 EDT,SEA,4,1.76,1.77,STL,1,0.82,0.83,3,0.94,0.94,3,2.13,0.64
4/18/2026,21:30 EDT,RSL,4,2.88,2.9,SD,2,1.66,1.66,2,1.23,1.25,2,2.24,0.61
4/18/2026,20:30 EDT,FCD,2,1.73,1.75,LAG,2,1.01,1.02,0,0.72,0.73,0,1.91,0.83
4/18/2026,20:30 EDT,MIN,2,2.29,2.29,POR,0,1.33,1.4,2,0.96,0.89,2,2.04,0.73
4/18/2026,19:30 EDT,ATL,0,0.84,0.84,NSH,2,1.99,2.04,-2,-1.15,-1.2,-2,0.6,2.22
4/18/2026,19:30 EDT,NYC,1,1.65,1.69,CLT,2,1.11,1.2,-1,0.55,0.49,-1,1.73,1.02
4/18/2026,19:30 EDT,CIN,2,3.92,3.99,CHI,3,2.18,2.23,-1,1.74,1.76,0,2.35,0.52
4/18/2026,19:30 EDT,NER,2,1.35,1.36,CLB,1,1.18,1.2,1,0.17,0.16,1,1.55,1.15
4/18/2026,19:30 EDT,PHI,0,1.35,1.4,DCU,0,0.67,0.67,0,0.68,0.72,0,1.9,0.79
4/18/2026,19:30 EDT,ORL,0,1.32,1.36,HOU,1,1.32,1.32,-1,0,0.04,-1,1.39,1.33
4/18/2026,16:30 EDT,COL,2,1.37,1.38,MIA,3,1.45,1.45,-1,-0.08,-0.07,-1,1.23,1.48
4/18/2026,14:30 EDT,MTL,4,2.72,2.73,NYRB,0,0.99,0.99,4,1.73,1.74,3,2.6,0.29
4/18/2026,13:00 EDT,TOR,3,3.41,3.61,ATX,3,1.75,1.79,0,1.65,1.82,0,2.37,0.49
4/17/2026,22:30 EDT,VAN,3,3.66,3.97,SKC,0,0.14,0.14,3,3.52,3.84,3,2.96,0.02
4/12/2026,19:00 EDT,CLB,1,1.68,1.69,ORL,1,0.54,0.54,0,1.14,1.15,0,2.22,0.53
4/11/2026,22:30 EDT,SD,1,2.44,2.48,MIN,2,3.06,3.14,-1,-0.62,-0.66,-1,0.99,1.79
4/11/2026,21:30 EDT,COL,5,1.92,2.14,HOU,2,1.6,1.62,3,0.32,0.52,4,1.61,1.16
4/11/2026,20:30 EDT,SKC,1,0.94,0.94,SJE,3,1.6,1.6,-2,-0.67,-0.66,-2,0.95,1.77
4/11/2026,20:30 EDT,CHI,1,2.25,2.32,ATL,0,2.13,2.42,1,0.12,-0.1,1,1.5,1.28
4/11/2026,20:30 EDT,FCD,1,1.64,1.67,STL,1,1.05,1.05,0,0.59,0.62,0,1.88,0.86
4/11/2026,19:30 EDT,MIA,2,2.58,2.58,NYRB,2,1.1,1.11,0,1.47,1.46,0,2.36,0.47
4/11/2026,19:30 EDT,CLT,1,2.63,2.63,NSH,2,0.53,0.53,-1,2.11,2.1,-1,2.81,0.13
4/11/2026,19:30 EDT,NER,1,1.15,1.15,DCU,0,1.71,1.71,1,-0.56,-0.56,1,0.9,1.82
4/11/2026,19:30 EDT,VAN,2,3.36,3.38,NYC,0,0.72,0.73,2,2.64,2.66,2,2.77,0.16
4/11/2026,16:45 EDT,POR,2,1.17,1.18,LAFC,1,1.78,1.79,1,-0.61,-0.61,1,0.95,1.77
4/11/2026,14:30 EDT,ATX,1,0.96,0.96,LAG,2,0.97,0.97,-1,-0.01,-0.01,-1,1.25,1.42
4/11/2026,14:30 EDT,MTL,1,1.1,1.1,PHI,2,1.06,1.06,-1,0.04,0.04,-1,1.37,1.32
4/11/2026,13:00 EDT,TOR,0,0.58,0.58,CIN,1,0.87,0.87,-1,-0.29,-0.29,0,0.99,1.66
4/4/2026,22:30 EDT,LAG,1,2.2,2.46,MIN,2,1.77,1.78,-1,0.43,0.68,-1,1.68,1.08
4/4/2026,22:30 EDT,VAN,3,2.77,2.79,POR,2,0.76,0.78,1,2,2,1,2.64,0.26
4/4/2026,22:30 EDT,SJE,3,3.72,3.72,SD,0,0.56,0.56,3,3.16,3.16,3,2.89,0.07
4/4/2026,21:30 EDT,LAFC,5,2.68,2.68,ORL,0,0.93,0.93,5,1.74,1.74,6,2.44,0.39
4/4/2026,21:00 EDT,HOU,0,1.18,1.2,SEA,1,1.11,1.17,-1,0.07,0.03,-1,1.42,1.27
4/4/2026,20:30 EDT,CHI,1,1.72,1.72,NSH,0,1.27,1.27,1,0.45,0.45,1,1.72,1.01
4/4/2026,19:30 EDT,CLT,2,1.44,1.44,PHI,1,1.3,1.3,1,0.14,0.14,1,1.54,1.19
4/4/2026,19:30 EDT,NYRB,3,2.09,2.09,CIN,2,2.34,2.34,1,-0.25,-0.25,2,1.29,1.49
4/4/2026,19:30 EDT,MIA,2,3.44,3.6,ATX,2,1.46,1.46,0,1.98,2.14,0,2.46,0.4
4/4/2026,19:30 EDT,NYC,1,2.02,2.03,STL,1,1.62,1.65,0,0.41,0.39,0,1.68,1.1
4/4/2026,19:30 EDT,DCU,0,0.85,0.85,FCD,4,2.31,2.4,-4,-1.47,-1.55,-4,0.49,2.34
4/4/2026,19:30 EDT,ATL,1,1.1,1.37,CLB,3,1.62,1.62,-2,-0.52,-0.25,-2,0.98,1.73
4/4/2026,16:30 EDT,NER,3,1.59,1.62,MTL,0,1.55,1.56,3,0.04,0.06,3,1.39,1.33
4/4/2026,16:30 EDT,RSL,3,2.94,2.96,SKC,1,0.63,0.63,2,2.31,2.34,2,2.69,0.21
4/4/2026,13:00 EDT,TOR,2,1.7,1.71,COL,2,0.47,0.47,0,1.23,1.23,1,2.29,0.49
3/22/2026,19:00 EDT,SD,2,2.03,2.5,RSL,2,2.84,2.86,0,-0.81,-0.36,0,0.91,1.88
3/22/2026,16:45 EDT,POR,1,0.59,0.59,LAG,1,2.81,2.84,0,-2.21,-2.25,0,0.2,2.69
3/22/2026,14:30 EDT,MIN,0,1.24,1.31,SEA,0,0.87,0.87,0,0.36,0.43,0,1.65,1.03
3/22/2026,13:00 EDT,NYC,2,1.22,1.22,MIA,3,1.89,1.93,-1,-0.67,-0.7,-1,0.9,1.86
3/22/2026,13:00 EDT,CIN,4,1.9,1.9,MTL,3,2.38,2.39,1,-0.48,-0.49,1,1.07,1.71
3/21/2026,22:30 EDT,VAN,0,1.45,1.45,SJE,1,1.07,1.07,-1,0.37,0.37,-1,1.57,1.12
3/21/2026,20:45 EDT,ATX,0,1.06,1.06,LAFC,0,1.57,1.57,0,-0.52,-0.52,0,0.94,1.81
3/21/2026,20:30 EDT,STL,3,1.35,1.35,NER,1,0.87,0.87,2,0.47,0.48,2,1.73,0.97
3/21/2026,20:30 EDT,FCD,3,1.77,1.78,HOU,3,1.42,1.42,0,0.35,0.36,1,1.6,1.12
3/21/2026,20:30 EDT,SKC,1,0.71,0.72,COL,4,3.95,4.01,-3,-3.24,-3.29,-3,0.05,2.92
3/21/2026,19:30 EDT,ATL,0,0.57,0.57,DCU,0,0.17,0.17,0,0.4,0.4,0,1.67,0.81
3/21/2026,19:30 EDT,CLT,6,2.75,2.78,NYRB,1,1.61,1.67,5,1.14,1.11,5,2.06,0.78
3/21/2026,18:15 EDT,NSH,5,3.64,3.67,ORL,0,0.99,0.99,5,2.65,2.68,5,2.77,0.15
3/21/2026,16:30 EDT,PHI,1,1.1,1.1,CHI,2,1.66,1.67,-1,-0.56,-0.57,-1,0.91,1.83
3/21/2026,13:00 EDT,TOR,2,1.01,1.01,CLB,1,0.95,0.95,1,0.06,0.06,1,1.34,1.35
3/15/2026,19:00 EDT,SJE,0,2.84,2.92,SEA,1,0.59,0.59,-1,2.26,2.33,-1,2.69,0.22
3/15/2026,16:30 EDT,VAN,6,4.54,4.54,MIN,0,1.05,1.05,6,3.5,3.5,6,2.92,0.06
3/15/2026,14:30 EDT,NER,6,1.65,1.73,CIN,1,1.47,1.47,5,0.19,0.26,5,1.53,1.19
3/14/2026,22:30 EDT,LAFC,2,1.13,1.14,STL,0,1.72,1.75,2,-0.58,-0.62,2,0.97,1.77
3/14/2026,21:30 EDT,RSL,1,1.79,1.87,ATX,1,0.78,0.84,0,1.01,1.03,1,2.09,0.68
3/14/2026,21:30 EDT,LAG,1,2.23,2.44,SKC,2,0.61,0.61,-1,1.62,1.83,-1,2.49,0.36
3/14/2026,20:30 EDT,FCD,3,3.08,3.25,SD,3,1.88,1.88,0,1.2,1.37,0,2.11,0.67
3/14/2026,20:30 EDT,HOU,3,1.8,1.81,POR,2,2.55,2.58,1,-0.74,-0.77,1,0.81,1.99
3/14/2026,20:30 EDT,CHI,1,2.15,2.16,DCU,2,1.56,1.57,-1,0.59,0.59,-1,1.81,0.93
3/14/2026,19:30 EDT,ORL,2,2.14,2.36,MTL,1,1.3,1.33,1,0.84,1.03,1,2.08,0.74
3/14/2026,19:30 EDT,CLT,0,1.1,1.1,MIA,0,0.94,0.97,0,0.17,0.14,0,1.47,1.2
3/14/2026,19:30 EDT,NYC,3,1.45,1.52,COL,1,0.96,0.96,2,0.49,0.56,2,1.85,0.89
3/14/2026,18:15 EDT,CLB,0,0.24,0.24,NSH,1,1.41,1.41,-1,-1.17,-1.17,-1,0.31,2.48
3/14/2026,15:15 EDT,ATL,3,1.96,1.96,PHI,1,2.16,2.16,2,-0.2,-0.2,2,1.21,1.55
3/14/2026,13:00 EDT,TOR,1,1.91,1.92,NYRB,1,2.39,2.51,0,-0.47,-0.6,0,1.15,1.6
3/8/2026,19:00 EDT,CIN,0,0.97,0.97,TOR,1,1.14,1.14,-1,-0.17,-0.17,-1,1.13,1.53
3/8/2026,16:30 EDT,NYRB,0,0.81,0.81,MTL,3,2.23,2.23,-3,-1.42,-1.42,-3,0.4,2.43
3/7/2026,22:30 EST,LAFC,1,1.32,1.32,FCD,0,1.3,1.33,1,0.02,-0.01,1,1.39,1.32
3/7/2026,22:30 EST,POR,1,0.47,0.47,VAN,4,2.98,3.22,-3,-2.52,-2.76,-3,0.12,2.83
3/7/2026,21:30 EST,COL,4,2.28,2.29,LAG,1,1.45,1.54,3,0.83,0.75,3,1.96,0.84
3/7/2026,20:30 EST,NSH,3,2.19,2.27,MIN,1,1.12,1.12,2,1.08,1.15,2,2.18,0.62
3/7/2026,20:30 EST,SKC,0,0.63,0.63,SD,1,2.1,2.1,-1,-1.47,-1.47,-1,0.42,2.4
3/7/2026,20:30 EST,STL,0,1.04,1.06,SEA,1,0.96,1,-1,0.09,0.06,-1,1.42,1.27
3/7/2026,19:30 EST,CLB,0,1.44,2.04,CHI,0,0.82,0.82,0,0.62,1.22,0,1.91,0.81
3/7/2026,19:30 EST,ATL,2,1.68,1.68,RSL,3,1.16,1.16,-1,0.52,0.52,-1,1.83,0.93
3/7/2026,19:30 EST,CLT,3,3.18,3.29,ATX,0,0.15,0.15,3,3.03,3.15,2,2.93,0.04
3/7/2026,19:30 EST,PHI,0,1.19,1.19,SJE,1,1.12,1.17,-1,0.07,0.02,-1,1.42,1.28
3/7/2026,16:30 EST,DCU,1,1.65,1.73,MIA,2,0.95,0.95,-1,0.7,0.78,-1,1.94,0.78
3/7/2026,14:30 EST,NYC,5,2.39,2.39,ORL,0,0.17,0.17,5,2.22,2.22,5,2.89,0.06
3/1/2026,21:15 EST,SD,2,1.3,1.3,STL,0,1.26,1.26,2,0.04,0.04,2,1.36,1.34
3/1/2026,19:00 EST,ORL,2,1.03,1.09,MIA,4,1.63,1.64,-2,-0.59,-0.55,-2,0.92,1.84
3/1/2026,16:30 EST,PHI,1,2.2,2.22,NYC,2,2.39,2.46,-1,-0.19,-0.24,-1,1.27,1.48
3/1/2026,14:30 EST,ATX,1,2.4,2.46,DCU,0,0.41,0.41,1,1.99,2.05,1,2.68,0.2
2/28/2026,22:30 EST,LAG,3,3.13,3.15,CLT,0,0.44,0.44,3,2.68,2.7,3,2.9,0.06
2/28/2026,21:30 EST,VAN,3,2.18,2.23,TOR,0,0.55,0.55,3,1.63,1.68,3,2.58,0.27
2/28/2026,20:30 EST,HOU,0,1.15,1.16,LAFC,2,2.13,2.15,-2,-0.98,-0.99,-2,0.82,1.97
2/28/2026,20:30 EST,SKC,2,1.58,1.72,CLB,2,2.35,2.56,0,-0.77,-0.84,0,0.81,1.97
2/28/2026,20:30 EST,FCD,0,0.95,0.95,NSH,0,0.51,0.51,0,0.44,0.44,0,1.7,0.97
2/28/2026,19:30 EST,SJE,2,2.72,2.72,ATL,0,0.85,0.85,2,1.86,1.86,2,2.59,0.29
2/28/2026,19:30 EST,RSL,2,2.04,2.05,SEA,1,1.96,1.96,1,0.08,0.09,1,1.43,1.36
2/28/2026,16:30 EST,COL,2,2.65,2.66,POR,0,1.06,1.06,2,1.59,1.6,2,2.4,0.45
2/28/2026,16:30 EST,MIN,1,1.78,1.86,CIN,0,1.17,1.17,1,0.61,0.69,1,1.9,0.85
2/28/2026,14:30 EST,CHI,3,3.39,3.4,MTL,0,0.08,0.08,3,3.31,3.31,3,2.98,0.01
2/28/2026,14:30 EST,NYRB,1,1.11,1.11,NER,0,0.52,0.52,1,0.59,0.59,1,1.89,0.78
2/22/2026,21:15 EST,SEA,2,1.27,1.27,COL,0,0.75,0.77,2,0.52,0.5,2,1.73,0.95
2/22/2026,19:00 EST,LAG,1,0.36,0.36,NYC,1,1.56,1.56,0,-1.19,-1.19,0,0.34,2.48
2/21/2026,22:30 EST,SD,5,1.52,1.58,MTL,0,0.4,0.4,5,1.12,1.18,5,2.27,0.48
2/21/2026,22:30 EST,POR,3,1.29,1.35,CLB,2,1.09,1.09,1,0.19,0.26,1,1.56,1.12
2/21/2026,22:30 EST,SJE,3,2.52,2.54,SKC,0,0.66,0.68,3,1.85,1.87,3,2.66,0.24
2/21/2026,21:30 EST,LAFC,3,2.85,2.85,MIA,0,1.1,1.11,3,1.74,1.74,3,2.44,0.42
2/21/2026,20:30 EST,ATX,2,1.7,1.7,MIN,2,1.73,1.73,0,-0.02,-0.02,0,1.28,1.41
2/21/2026,20:30 EST,NSH,4,2.83,3.37,NER,1,0.53,0.53,3,2.31,2.84,3,2.78,0.15
2/21/2026,20:30 EST,FCD,3,1.4,1.4,TOR,2,1.55,1.57,1,-0.15,-0.17,1,1.23,1.51
2/21/2026,20:30 EST,HOU,2,0.9,0.92,CHI,1,0.74,0.74,1,0.16,0.18,1,1.49,1.18
2/21/2026,19:30 EST,ORL,1,2.01,2.03,NYRB,2,3.46,3.53,-1,-1.45,-1.5,-1,0.59,2.24
2/21/2026,19:30 EST,VAN,1,1.46,1.48,RSL,0,0.46,0.47,1,0.99,1.01,1,2.16,0.58
2/21/2026,19:30 EST,DCU,1,0.98,0.98,PHI,0,0.74,0.74,1,0.24,0.24,1,1.55,1.13
2/21/2026,16:45 EST,CIN,2,1.82,1.83,ATL,0,0.6,0.6,2,1.22,1.23,2,2.33,0.47
2/21/2026,14:30 EST,STL,1,2.21,2.27,CLT,1,0.75,0.75,0,1.46,1.52,0,2.36,0.47
