"Date","Time","Home","HG","HxGt","HxGp","Away","AG","AxGt","AxGp","GD","xGDt","xGDp","Final","HxPts","AxPts"
"2026-09-27","19:00 EDT","KNX","0","2.01","2.10","WES","0","0.65","0.67","0","1.36","1.43","0","2.36","0.45"
"2026-09-27","16:00 EDT","NYC","3","1.87","1.87","RIC","2","1.56","1.56","1","0.31","0.31","1","1.59","1.14"
"2026-09-26","20:30 EDT","CRP","2","1.67","1.69","ACB","1","2.73","2.80","1","-1.06","-1.12","1","0.82","2.00"
"2026-09-26","19:00 EDT","FCN","1","1.98","1.98","CHA","0","1.15","1.15","1","0.82","0.82","1","1.96","0.82"
"2026-09-26","19:00 EDT","GVL","1","1.04","1.04","OMA","3","1.63","1.63","-2","-0.59","-0.59","-2","0.87","1.86"
"2026-09-26","18:00 EDT","MAD","0","1.58","1.58","SPK","1","0.95","0.99","-1","0.63","0.59","-1","1.79","0.94"
"2026-09-26","17:00 EDT","POR","1","0.83","0.83","SAR","4","1.87","1.87","-3","-1.04","-1.04","-3","0.64","2.12"
"2026-09-26","14:00 EDT","CLT","1","2.43","2.44","FW","1","1.90","1.94","0","0.53","0.50","0","1.75","1.03"
"2026-09-20","19:00 EDT","SPK","2","1.78","1.78","ACB","2","2.02","2.12","0","-0.23","-0.34","0","1.17","1.56"
"2026-09-19","20:18 EDT","SAR","6","2.45","2.47","GVL","0","0.38","0.38","6","2.06","2.09","6","2.66","0.23"
"2026-09-19","20:00 EDT","OMA","2","2.43","2.46","KNX","1","0.30","0.30","1","2.13","2.16","1","2.77","0.14"
"2026-09-19","19:30 EDT","FW","2","2.27","2.38","FCN","2","1.71","1.79","0","0.56","0.59","0","1.82","0.94"
"2026-09-19","19:00 EDT","NYC","1","0.94","0.94","WES","2","2.72","2.77","-1","-1.78","-1.82","-1","0.33","2.55"
"2026-09-19","19:00 EDT","MAD","3","2.34","2.34","AVA","0","0.71","0.71","3","1.63","1.63","3","2.50","0.34"
"2026-09-19","19:00 EDT","CHA","1","1.00","1.00","POR","1","0.45","0.45","0","0.55","0.55","0","1.86","0.80"
"2026-09-19","18:00 EDT","RIC","1","0.80","0.80","CLT","1","3.02","3.02","0","-2.22","-2.22","-1","0.27","2.62"
"2026-09-16","21:00 EDT","ACB","1","2.66","2.90","CLT","1","1.05","1.05","0","1.60","1.84","0","2.41","0.44"
"2026-09-16","19:30 EDT","FW","2","2.16","2.24","KNX","3","1.84","1.85","-1","0.32","0.39","-1","1.65","1.11"
"2026-09-16","19:00 EDT","CHA","1","1.19","1.21","MAD","0","0.95","1.01","1","0.24","0.19","1","1.51","1.21"
"2026-09-16","19:00 EDT","WES","5","1.79","1.79","RIC","2","1.15","1.15","3","0.64","0.64","3","1.90","0.83"
"2026-09-16","13:00 EDT","OMA","3","2.63","2.65","SPK","1","1.33","1.39","2","1.30","1.26","2","2.25","0.58"
"2026-09-16","11:00 EDT","GVL","0","0.58","0.58","CRP","1","1.80","1.82","-1","-1.22","-1.23","-1","0.47","2.33"
"2026-09-13","18:00 EDT","POR","1","1.96","2.07","AVA","0","0.74","0.74","1","1.22","1.33","1","2.27","0.54"
"2026-09-12","20:30 EDT","CRP","1","1.93","1.94","OMA","2","1.05","1.09","-1","0.88","0.86","-1","2.05","0.74"
"2026-09-12","20:00 EDT","CLT","5","2.43","2.48","WES","4","1.86","1.86","1","0.57","0.62","1","1.76","1.02"
"2026-09-12","19:10 EDT","RIC","1","2.20","2.36","CHA","1","1.92","1.97","0","0.29","0.39","0","1.49","1.27"
"2026-09-12","19:00 EDT","GVL","1","2.08","2.08","FW","2","1.80","1.80","-1","0.28","0.28","-2","1.51","1.24"
"2026-09-12","18:00 EDT","MAD","1","2.30","2.32","SAR","1","1.26","1.28","0","1.04","1.04","0","2.06","0.72"
"2026-09-11","21:00 EDT","ACB","2","1.52","1.55","NYC","1","1.03","1.03","1","0.49","0.52","1","1.78","0.94"
"2026-09-11","19:00 EDT","KNX","0","1.73","1.88","FCN","0","1.62","1.62","0","0.11","0.25","0","1.46","1.33"
"2026-09-06","18:00 EDT","POR","2","1.46","1.46","WES","1","2.20","2.32","1","-0.74","-0.86","1","0.89","1.86"
"2026-09-05","22:30 EDT","AVA","1","1.20","1.20","KNX","2","1.91","1.95","-1","-0.71","-0.75","-1","0.89","1.85"
"2026-09-05","21:20 EDT","FCN","0","0.94","1.03","ACB","2","1.11","1.11","-2","-0.17","-0.08","-2","1.21","1.47"
"2026-09-05","20:30 EDT","CRP","0","1.79","1.89","MAD","2","2.35","2.57","-2","-0.56","-0.68","-2","0.93","1.82"
"2026-09-05","20:00 EDT","OMA","2","2.91","2.91","CLT","0","0.96","1.17","2","1.95","1.74","2","2.60","0.28"
"2026-09-05","19:30 EDT","SAR","1","0.65","0.65","SPK","1","2.48","2.67","0","-1.83","-2.02","0","0.28","2.58"
"2026-09-05","19:30 EDT","FW","2","2.42","2.51","NYC","3","1.06","1.06","-1","1.36","1.45","-2","2.34","0.47"
"2026-09-05","19:00 EDT","CHA","3","1.17","1.17","GVL","1","1.12","1.12","2","0.05","0.05","2","1.46","1.23"
"2026-09-02","20:00 EDT","MAD","0","2.39","2.41","KNX","1","1.03","1.05","-1","1.35","1.36","0","2.28","0.54"
"2026-09-02","19:30 EDT","FW","2","2.89","2.92","RIC","0","0.29","0.29","2","2.60","2.63","2","2.83","0.10"
"2026-09-02","19:30 EDT","NYC","1","1.82","1.91","SAR","2","0.88","0.88","-1","0.94","1.03","-1","2.02","0.74"
"2026-09-02","19:30 EDT","CLT","3","2.63","2.65","POR","2","2.01","2.01","1","0.62","0.65","1","1.84","0.96"
"2026-09-02","19:00 EDT","WES","0","0.93","0.93","CHA","1","1.00","1.01","-1","-0.07","-0.07","-1","1.23","1.46"
"2026-08-29","20:00 EDT","OMA","1","0.38","0.38","NYC","1","2.07","2.08","0","-1.69","-1.71","0","0.31","2.56"
"2026-08-29","19:00 EDT","POR","1","1.15","1.15","FW","4","1.23","1.23","-3","-0.08","-0.08","-3","1.31","1.37"
"2026-08-29","19:00 EDT","WES","1","0.75","0.75","SPK","3","2.30","2.30","-2","-1.56","-1.56","-2","0.31","2.56"
"2026-08-29","19:00 EDT","GVL","4","2.59","2.61","FCN","0","1.01","1.07","4","1.58","1.54","4","2.37","0.46"
"2026-08-29","19:00 EDT","CHA","2","1.13","1.13","ACB","3","1.42","1.45","-1","-0.29","-0.32","-1","1.17","1.54"
"2026-08-29","19:00 EDT","RIC","1","1.86","1.86","MAD","2","1.33","1.33","-1","0.54","0.54","-1","1.79","0.96"
"2026-08-28","20:00 EDT","CLT","5","2.07","2.07","AVA","0","0.88","0.89","5","1.19","1.18","5","2.26","0.56"
"2026-08-26","19:30 EDT","FCN","2","3.47","4.02","OMA","0","1.51","1.51","2","1.96","2.51","2","2.54","0.36"
"2026-08-22","23:00 EDT","AVA","1","0.80","0.80","FCN","2","1.72","1.73","-1","-0.92","-0.93","-1","0.63","2.15"
"2026-08-22","21:30 EDT","SPK","1","2.57","2.57","GVL","1","0.79","0.81","0","1.78","1.76","1","2.51","0.35"
"2026-08-22","20:30 EDT","CRP","2","1.91","1.91","WES","2","1.21","1.21","0","0.71","0.71","0","1.78","0.97"
"2026-08-22","20:00 EDT","MAD","1","2.02","2.04","CLT","1","1.49","1.50","0","0.52","0.54","0","1.62","1.13"
"2026-08-22","19:30 EDT","KNX","1","1.12","1.12","ACB","2","1.61","1.63","-1","-0.49","-0.51","0","0.97","1.76"
"2026-08-22","19:00 EDT","RIC","1","1.37","1.38","POR","1","1.39","1.39","0","-0.01","-0.00","0","1.37","1.37"
"2026-08-22","19:00 EDT","OMA","1","1.96","1.97","SAR","1","0.97","0.97","0","0.99","1.00","0","2.10","0.70"
"2026-08-22","19:00 EDT","CHA","3","1.17","1.17","NYC","3","2.42","2.43","0","-1.25","-1.26","0","0.57","2.23"
"2026-08-19","20:46 EDT","SAR","3","1.07","1.08","CHA","2","1.46","1.47","1","-0.39","-0.39","1","0.94","1.75"
"2026-08-19","20:30 EDT","CRP","0","1.68","1.68","NYC","2","0.71","0.71","-2","0.97","0.97","-2","2.10","0.67"
"2026-08-19","19:00 EDT","KNX","1","3.89","4.07","POR","1","0.48","0.49","0","3.41","3.59","0","2.87","0.09"
"2026-08-16","19:00 EDT","OMA","4","3.05","3.17","RIC","1","1.49","1.55","3","1.55","1.62","4","2.30","0.55"
"2026-08-16","18:30 EDT","POR","1","0.58","0.58","MAD","2","2.31","2.34","-1","-1.73","-1.76","-1","0.26","2.61"
"2026-08-15","21:00 EDT","SPK","2","1.16","1.16","CRP","3","1.05","1.06","-1","0.12","0.11","-1","1.50","1.17"
"2026-08-15","19:39 EDT","GVL","1","1.72","1.72","KNX","1","1.97","1.98","0","-0.25","-0.26","0","1.27","1.46"
"2026-08-15","19:30 EDT","FW","1","2.25","2.28","CHA","2","1.58","1.62","-1","0.68","0.66","-1","1.88","0.93"
"2026-08-15","19:25 EDT","CLT","3","2.35","2.36","SAR","1","1.39","1.41","2","0.96","0.95","2","2.13","0.67"
"2026-08-15","19:00 EDT","WES","3","1.62","1.63","FCN","2","1.43","1.44","1","0.18","0.19","1","1.49","1.24"
"2026-08-15","19:00 EDT","NYC","1","1.82","1.83","AVA","0","0.27","0.27","1","1.55","1.56","1","2.57","0.28"
"2026-08-12","20:00 EDT","MAD","1","1.36","1.36","GVL","1","1.59","1.98","0","-0.24","-0.63","0","1.22","1.55"
"2026-08-08","23:00 EDT","AVA","3","2.55","2.55","FW","0","2.57","2.61","3","-0.03","-0.06","3","1.40","1.38"
"2026-08-08","21:30 EDT","ACB","2","2.12","2.12","MAD","1","0.52","0.52","1","1.61","1.61","1","2.55","0.31"
"2026-08-08","19:44 EDT","POR","0","1.12","1.12","CRP","2","2.46","2.46","-2","-1.34","-1.34","-2","0.48","2.34"
"2026-08-08","19:30 EDT","KNX","2","2.07","2.10","SAR","1","2.59","2.59","1","-0.52","-0.50","1","1.09","1.71"
"2026-08-08","19:00 EDT","CHA","1","0.84","0.84","OMA","3","2.23","2.38","-2","-1.39","-1.54","-2","0.50","2.30"
"2026-08-08","19:00 EDT","CLT","1","2.99","3.23","GVL","0","3.18","3.33","1","-0.19","-0.10","1","1.28","1.50"
"2026-08-05","19:30 EDT","FCN","2","0.85","0.85","AVA","1","1.53","1.53","1","-0.68","-0.69","1","0.78","1.95"
"2026-08-05","19:00 EDT","RIC","2","1.21","1.21","NYC","0","0.72","0.72","2","0.49","0.49","2","1.79","0.92"
"2026-08-01","21:30 EDT","ACB","0","3.06","3.09","CRP","0","0.86","0.87","0","2.20","2.22","0","2.61","0.28"
"2026-08-01","20:00 EDT","MAD","2","1.99","2.00","WES","0","0.58","0.58","2","1.41","1.42","2","2.37","0.44"
"2026-08-01","19:30 EDT","FW","0","0.95","0.95","OMA","2","2.70","2.75","-2","-1.76","-1.80","-2","0.38","2.48"
"2026-08-01","19:00 EDT","CLT","2","2.20","2.21","KNX","1","1.28","1.47","1","0.91","0.74","2","2.02","0.79"
"2026-08-01","19:00 EDT","GVL","3","2.68","2.74","POR","3","2.06","2.06","0","0.63","0.68","0","1.75","1.04"
"2026-08-01","19:00 EDT","RIC","3","2.29","2.29","AVA","2","1.44","1.45","1","0.85","0.84","1","2.00","0.79"
"2026-07-29","20:00 EDT","MAD","5","3.40","3.48","CHA","2","1.39","1.39","3","2.01","2.09","3","2.52","0.35"
"2026-07-29","19:00 EDT","GVL","3","2.30","2.35","ACB","2","0.65","0.65","1","1.65","1.71","1","2.47","0.38"
"2026-07-25","23:00 EDT","AVA","0","1.26","1.26","WES","0","0.73","0.73","0","0.53","0.53","0","1.77","0.92"
"2026-07-25","21:00 EDT","SPK","3","2.17","2.18","FW","1","1.68","1.76","2","0.49","0.42","2","1.81","0.99"
"2026-07-25","20:30 EDT","CRP","1","0.24","0.24","GVL","0","1.43","1.44","1","-1.19","-1.20","1","0.37","2.40"
"2026-07-25","19:00 EDT","NYC","1","1.29","1.36","ACB","2","1.92","1.92","-1","-0.63","-0.56","-1","0.88","1.86"
"2026-07-25","19:00 EDT","CHA","1","0.50","0.50","KNX","0","2.08","2.17","1","-1.58","-1.66","1","0.37","2.47"
"2026-07-25","19:00 EDT","MAD","3","2.09","2.69","FCN","1","1.90","1.97","2","0.19","0.71","2","1.50","1.25"
"2026-07-25","19:00 EDT","CLT","3","2.92","3.16","RIC","1","1.54","1.55","2","1.38","1.61","2","2.17","0.66"
"2026-07-22","21:00 EDT","SPK","3","2.28","2.29","CLT","0","0.90","0.90","3","1.38","1.39","3","2.31","0.49"
"2026-07-22","19:00 EDT","POR","1","1.42","1.45","OMA","2","2.81","2.83","-1","-1.39","-1.38","-1","0.54","2.30"
"2026-07-22","19:00 EDT","WES","3","1.80","1.81","NYC","0","1.10","1.13","3","0.70","0.68","3","1.91","0.84"
"2026-07-18","19:36 EDT","RIC","0","0.88","0.88","SPK","1","2.15","2.36","-1","-1.26","-1.47","-2","0.46","2.37"
"2026-07-18","19:30 EDT","KNX","2","1.69","1.75","AVA","3","1.34","1.35","-1","0.35","0.40","-1","1.62","1.14"
"2026-07-18","19:30 EDT","FW","3","0.93","0.93","GVL","0","0.99","0.99","3","-0.06","-0.06","3","1.30","1.40"
"2026-07-18","19:00 EDT","CLT","2","1.09","1.09","CHA","4","1.44","1.44","-2","-0.35","-0.35","-2","1.11","1.62"
"2026-07-18","19:00 EDT","OMA","2","2.80","2.92","WES","2","0.70","0.70","0","2.09","2.21","0","2.62","0.27"
"2026-07-18","19:00 EDT","NYC","0","0.75","0.77","CRP","0","1.20","1.20","0","-0.45","-0.44","0","0.85","1.87"
"2026-07-17","21:30 EDT","ACB","2","3.12","3.66","POR","1","0.47","0.47","1","2.65","3.18","1","2.80","0.12"
"2026-07-15","20:00 EDT","MAD","4","2.95","2.95","RIC","0","0.38","0.38","4","2.57","2.57","4","2.83","0.10"
"2026-07-15","19:00 EDT","CHA","1","1.29","1.29","AVA","0","1.32","1.33","1","-0.02","-0.03","1","1.31","1.41"
"2026-07-15","18:30 EDT","KNX","2","0.81","0.81","FW","1","1.11","1.13","1","-0.31","-0.32","1","1.17","1.52"
"2026-07-08","19:00 EDT","NYC","1","1.98","2.00","FCN","0","1.49","1.55","1","0.49","0.45","1","1.65","1.12"
"2026-07-08","19:00 EDT","GVL","0","0.50","0.50","SAR","0","1.68","1.89","0","-1.18","-1.38","0","0.50","2.27"
"2026-07-05","23:00 EDT","AVA","1","2.53","2.53","CLT","1","1.32","1.33","0","1.21","1.21","0","2.20","0.58"
"2026-07-05","19:00 EDT","WES","0","0.80","0.80","ACB","0","1.60","1.60","0","-0.80","-0.80","-1","0.71","2.02"
"2026-07-04","19:30 EDT","FW","3","3.36","3.77","SPK","0","1.38","1.39","3","1.98","2.38","3","2.57","0.32"
"2026-07-04","19:30 EDT","CRP","2","1.56","1.56","CHA","1","1.79","1.79","1","-0.23","-0.23","1","1.20","1.52"
"2026-07-04","19:00 EDT","NYC","0","2.14","2.28","GVL","3","1.50","1.58","-3","0.65","0.70","-3","1.80","0.95"
"2026-07-03","20:00 EDT","RIC","0","0.84","0.84","SAR","0","1.00","1.00","0","-0.16","-0.16","0","1.25","1.41"
"2026-07-03","19:30 EDT","FCN","2","0.73","0.73","POR","3","2.09","2.13","-1","-1.36","-1.40","-1","0.45","2.37"
"2026-07-02","21:30 EDT","ACB","1","1.67","1.67","KNX","2","0.72","0.74","-1","0.95","0.93","-1","2.17","0.61"
"2026-07-01","22:30 EDT","OMA","3","2.59","2.71","AVA","1","1.02","1.02","2","1.58","1.70","2","2.33","0.50"
"2026-07-01","22:00 EDT","SPK","0","1.51","1.51","MAD","0","0.27","0.27","0","1.24","1.24","-1","2.44","0.35"
"2026-07-01","19:00 EDT","CHA","1","0.97","0.97","WES","0","0.72","0.73","1","0.25","0.24","2","1.52","1.16"
"2026-07-01","17:30 EDT","CLT","2","2.67","3.03","CRP","1","1.83","1.93","1","0.84","1.10","1","2.02","0.75"
"2026-06-24","21:00 EDT","SPK","2","1.16","1.17","WES","1","1.36","1.36","1","-0.20","-0.19","1","1.19","1.51"
"2026-06-24","20:30 EDT","CRP","0","1.17","1.17","AVA","0","0.76","0.78","0","0.41","0.39","0","1.66","1.01"
"2026-06-24","19:00 EDT","POR","5","3.54","3.56","RIC","1","0.93","0.95","4","2.61","2.61","4","2.77","0.16"
"2026-06-20","21:30 EDT","ACB","1","1.05","1.05","OMA","0","0.66","0.66","1","0.38","0.39","1","1.63","1.02"
"2026-06-20","21:00 EDT","SPK","0","0.64","0.65","KNX","4","1.84","1.84","-4","-1.19","-1.19","-4","0.52","2.27"
"2026-06-20","20:30 EDT","CRP","4","2.24","2.24","SAR","1","1.59","1.59","3","0.65","0.65","3","1.88","0.86"
"2026-06-20","20:00 EDT","MAD","3","2.79","2.87","NYC","1","1.15","1.15","2","1.63","1.72","2","2.43","0.41"
"2026-06-20","19:00 EDT","RIC","0","0.43","0.43","FW","2","0.86","0.87","-2","-0.44","-0.43","-2","0.88","1.73"
"2026-06-20","19:00 EDT","GVL","1","1.81","1.81","AVA","2","1.61","1.61","-1","0.20","0.20","-1","1.56","1.19"
"2026-06-20","19:00 EDT","CHA","1","1.84","1.86","FCN","0","0.90","0.94","1","0.94","0.93","1","2.12","0.66"
"2026-06-19","19:00 EDT","WES","5","2.42","2.42","POR","1","2.39","2.41","4","0.03","0.01","4","1.36","1.43"
"2026-06-17","21:30 EDT","MAD","1","2.73","2.85","FW","1","1.37","1.38","0","1.36","1.47","0","2.23","0.60"
"2026-06-14","19:00 EDT","WES","4","3.45","3.68","GVL","0","1.61","1.63","4","1.84","2.06","4","2.48","0.38"
"2026-06-13","23:00 EDT","AVA","1","1.18","1.18","SPK","0","1.40","1.41","1","-0.22","-0.22","1","1.14","1.53"
"2026-06-13","20:30 EDT","CRP","1","2.69","2.73","RIC","0","0.27","0.27","1","2.42","2.46","1","2.86","0.08"
"2026-06-13","20:00 EDT","MAD","5","2.43","2.44","ACB","1","0.17","0.17","4","2.26","2.26","4","2.83","0.09"
"2026-06-13","19:30 EDT","SAR","2","1.50","1.50","OMA","0","1.28","1.28","2","0.22","0.22","2","1.54","1.18"
"2026-06-13","19:00 EDT","KNX","3","3.45","3.46","NYC","1","0.95","0.95","2","2.49","2.51","2","2.75","0.18"
"2026-06-13","19:00 EDT","CLT","4","3.61","3.73","FCN","3","1.55","1.61","1","2.06","2.12","1","2.55","0.34"
"2026-06-13","18:30 EDT","POR","1","1.72","1.77","CHA","1","2.00","2.06","0","-0.28","-0.29","-1","1.15","1.62"
"2026-06-10","23:00 EDT","AVA","3","0.89","0.89","SAR","1","1.10","1.11","2","-0.20","-0.21","2","1.18","1.53"
"2026-06-10","21:30 EDT","ACB","2","1.69","1.69","RIC","1","0.68","0.68","1","1.01","1.01","1","2.17","0.62"
"2026-06-10","19:30 EDT","CLT","2","2.84","2.90","OMA","0","2.21","2.21","2","0.64","0.70","2","1.81","1.00"
"2026-06-10","19:00 EDT","WES","1","1.74","1.78","FW","1","0.76","0.77","0","0.98","1.01","0","2.10","0.65"
"2026-06-03","20:30 EDT","CRP","2","1.33","1.33","POR","2","0.97","0.98","0","0.35","0.35","1","1.58","1.14"
"2026-06-03","19:30 EDT","GVL","1","0.47","0.47","MAD","0","0.78","0.78","1","-0.32","-0.32","1","0.99","1.61"
"2026-06-03","19:30 EDT","FCN","1","1.44","1.44","CLT","5","1.23","1.24","-4","0.21","0.20","-4","1.53","1.18"
"2026-05-30","20:00 EDT","OMA","2","1.07","1.08","FCN","1","1.50","1.60","1","-0.43","-0.52","1","1.04","1.71"
"2026-05-30","19:30 EDT","FW","0","2.02","2.02","AVA","0","0.30","0.30","0","1.72","1.73","0","2.59","0.25"
"2026-05-30","19:30 EDT","SAR","2","1.33","1.38","NYC","1","1.24","1.24","1","0.08","0.13","1","1.45","1.24"
"2026-05-30","19:00 EDT","RIC","2","1.38","1.38","ACB","2","2.75","3.21","0","-1.38","-1.83","0","0.60","2.22"
"2026-05-30","19:00 EDT","CHA","2","1.48","1.50","CLT","3","2.09","2.10","-1","-0.62","-0.60","-1","1.01","1.74"
"2026-05-30","18:30 EDT","POR","2","0.81","0.82","SPK","1","2.28","2.34","1","-1.47","-1.52","1","0.44","2.40"
"2026-05-29","19:00 EDT","MAD","3","2.29","2.30","CRP","0","0.85","0.87","3","1.44","1.43","3","2.27","0.55"
"2026-05-29","18:30 EDT","KNX","1","1.32","1.32","GVL","0","0.40","0.40","1","0.92","0.92","2","2.11","0.61"
"2026-05-27","21:00 EDT","ACB","0","1.31","1.40","SAR","2","1.62","1.62","-2","-0.31","-0.22","-2","1.06","1.66"
"2026-05-27","19:00 EDT","CHA","5","2.84","2.90","RIC","0","0.40","0.41","5","2.44","2.50","5","2.77","0.15"
"2026-05-27","19:00 EDT","NYC","1","2.27","2.29","OMA","2","2.56","2.56","-1","-0.29","-0.27","-1","1.17","1.60"
"2026-05-24","19:00 EDT","SPK","1","0.80","0.80","SAR","0","0.81","0.81","1","-0.01","-0.01","1","1.32","1.30"
"2026-05-23","22:30 EDT","AVA","4","0.53","0.53","NYC","0","1.44","1.48","4","-0.91","-0.95","4","0.67","2.04"
"2026-05-23","21:00 EDT","ACB","1","2.09","2.20","FW","3","1.78","1.78","-2","0.32","0.42","-2","1.60","1.16"
"2026-05-23","20:30 EDT","CRP","2","0.88","0.88","KNX","1","1.20","1.20","1","-0.32","-0.32","0","1.07","1.61"
"2026-05-23","20:00 EDT","OMA","2","3.45","3.77","CHA","0","1.52","1.52","2","1.93","2.25","2","2.50","0.39"
"2026-05-23","19:30 EDT","FCN","1","1.20","1.35","WES","0","0.28","0.28","1","0.91","1.07","1","2.14","0.57"
"2026-05-23","19:00 EDT","CLT","3","0.99","0.99","MAD","1","1.04","1.04","2","-0.05","-0.05","2","1.32","1.37"
"2026-05-23","18:30 EDT","POR","1","1.22","1.25","GVL","1","1.69","1.76","0","-0.47","-0.51","0","0.94","1.75"
"2026-05-20","19:30 EDT","FW","1","2.45","2.53","CRP","1","0.54","0.54","0","1.91","1.98","0","2.60","0.28"
"2026-05-16","19:30 EDT","SAR","1","1.41","1.45","AVA","2","2.08","2.08","-1","-0.67","-0.64","-1","0.92","1.86"
"2026-05-13","21:00 EDT","ACB","1","1.28","1.28","FCN","0","0.54","0.54","1","0.74","0.74","2","2.13","0.62"
"2026-05-13","19:00 EDT","KNX","1","1.64","1.68","OMA","2","1.29","1.38","-1","0.36","0.30","-1","1.63","1.11"
"2026-05-10","18:00 EDT","SPK","2","3.01","3.02","FCN","1","0.86","0.86","1","2.15","2.16","1","2.63","0.26"
"2026-05-09","22:30 EDT","AVA","2","1.63","1.63","MAD","0","1.62","1.64","2","0.00","-0.01","2","1.39","1.34"
"2026-05-09","20:30 EDT","CRP","1","1.47","1.53","CLT","3","2.29","2.31","-2","-0.82","-0.79","-2","0.77","2.02"
"2026-05-09","20:00 EDT","OMA","2","2.46","2.55","POR","2","0.38","0.38","0","2.08","2.17","0","2.71","0.18"
"2026-05-09","19:30 EDT","FW","1","0.86","0.88","WES","0","2.18","2.20","1","-1.32","-1.32","1","0.46","2.36"
"2026-05-09","19:00 EDT","GVL","0","1.76","1.76","RIC","3","1.20","1.21","-3","0.56","0.55","-3","1.77","0.99"
"2026-05-09","15:00 EDT","CHA","4","1.98","1.98","SAR","1","1.13","1.13","3","0.85","0.85","3","2.06","0.71"
"2026-05-06","19:30 EDT","FW","3","1.17","1.17","POR","0","1.29","1.30","3","-0.13","-0.13","3","1.22","1.50"
"2026-05-06","19:30 EDT","CLT","1","3.33","3.35","ACB","0","0.64","0.64","1","2.70","2.71","1","2.84","0.10"
"2026-05-02","21:00 EDT","ACB","1","1.45","1.47","CHA","1","0.66","0.67","0","0.79","0.80","1","2.07","0.66"
"2026-05-02","20:30 EDT","CRP","0","0.48","0.48","SPK","0","0.87","0.87","0","-0.39","-0.39","0","0.86","1.77"
"2026-05-02","20:00 EDT","OMA","2","2.22","2.23","GVL","0","0.65","0.65","2","1.58","1.58","2","2.54","0.32"
"2026-05-02","19:30 EDT","FW","2","2.38","2.93","CLT","2","1.62","1.62","0","0.76","1.32","0","1.90","0.86"
"2026-05-02","19:30 EDT","SAR","1","0.71","0.71","MAD","3","1.33","1.34","-2","-0.62","-0.63","-2","0.80","1.90"
"2026-05-02","19:00 EDT","FCN","0","1.30","1.33","KNX","3","1.93","1.95","-3","-0.62","-0.61","-3","0.90","1.86"
"2026-05-02","17:00 EDT","POR","3","1.75","1.75","NYC","1","1.18","1.19","2","0.57","0.56","2","1.73","1.03"
"2026-05-01","19:00 EDT","RIC","1","1.75","1.79","WES","0","1.04","1.05","1","0.71","0.74","1","1.98","0.78"
"2026-04-22","18:30 EDT","SAR","2","1.83","1.84","CRP","1","1.39","1.39","1","0.44","0.45","1","1.65","1.10"
"2026-04-19","15:43 EDT","POR","1","1.44","1.44","FCN","1","0.58","0.58","0","0.86","0.86","0","2.05","0.68"
"2026-04-19","14:00 EDT","NYC","2","2.27","2.27","MAD","2","1.32","1.32","0","0.95","0.95","0","2.04","0.70"
"2026-04-18","21:00 EDT","ACB","4","1.81","2.04","WES","0","0.50","0.50","4","1.31","1.54","4","2.38","0.42"
"2026-04-18","19:00 EDT","KNX","1","2.84","2.84","CLT","1","1.29","1.29","0","1.55","1.55","1","2.44","0.42"
"2026-04-18","18:00 EDT","RIC","2","1.62","1.82","OMA","1","2.21","2.24","1","-0.59","-0.42","1","0.92","1.84"
"2026-04-11","22:30 EDT","AVA","2","1.17","1.17","ACB","2","1.09","1.14","0","0.08","0.03","0","1.40","1.30"
"2026-04-11","21:00 EDT","SPK","3","1.40","1.40","RIC","1","0.41","0.43","2","0.99","0.97","2","2.27","0.49"
"2026-04-11","19:00 EDT","FCN","2","1.89","1.89","SAR","0","0.92","0.93","2","0.97","0.96","2","2.11","0.66"
"2026-04-11","18:00 EDT","POR","0","0.94","0.97","KNX","0","1.17","1.17","0","-0.23","-0.20","0","1.18","1.51"
"2026-04-11","17:00 EDT","OMA","1","1.84","1.85","MAD","0","0.84","0.84","1","1.00","1.01","1","2.20","0.53"
"2026-04-08","19:00 EDT","WES","2","2.09","2.22","SAR","0","0.59","0.59","2","1.50","1.62","2","2.48","0.37"
"2026-04-07","21:00 EDT","SPK","3","2.37","2.39","AVA","1","1.05","1.06","2","1.32","1.33","2","2.24","0.57"
"2026-04-04","22:30 EDT","AVA","1","2.36","2.65","OMA","3","1.57","1.57","-2","0.79","1.07","-2","1.89","0.89"
"2026-04-04","21:00 EDT","ACB","1","2.50","2.73","SPK","1","0.58","0.58","0","1.91","2.15","0","2.62","0.26"
"2026-04-04","19:30 EDT","SAR","1","1.91","2.16","KNX","2","1.54","1.54","-1","0.37","0.62","-1","1.66","1.11"
"2026-04-04","19:00 EDT","FCN","1","1.07","1.07","GVL","0","0.64","0.64","1","0.43","0.43","1","1.71","0.95"
"2026-04-04","19:00 EDT","WES","5","2.77","2.79","CRP","1","0.77","0.78","4","2.00","2.00","4","2.63","0.26"
"2026-04-03","19:00 EDT","NYC","3","3.62","3.62","CLT","2","1.11","1.11","1","2.51","2.52","1","2.76","0.17"
"2026-03-29","19:00 EDT","GVL","4","2.34","2.36","WES","2","1.62","1.62","2","0.72","0.74","2","1.88","0.91"
"2026-03-28","22:30 EDT","AVA","2","1.34","1.35","CHA","2","1.96","1.96","0","-0.63","-0.62","0","0.93","1.83"
"2026-03-28","19:30 EDT","SAR","1","1.73","1.74","POR","0","0.65","0.65","1","1.08","1.09","1","2.19","0.60"
"2026-03-28","19:12 EDT","FCN","0","1.24","1.24","MAD","1","1.16","1.16","-1","0.08","0.08","-1","1.45","1.25"
"2026-03-28","17:00 EDT","OMA","2","2.95","2.98","CRP","1","1.88","2.07","1","1.08","0.91","1","1.99","0.81"
"2026-03-28","14:00 EDT","NYC","2","1.17","1.17","FW","0","1.95","1.96","2","-0.78","-0.79","2","0.82","1.93"
"2026-03-27","19:30 EDT","CLT","3","3.66","3.66","SPK","0","1.47","1.51","3","2.18","2.16","4","2.59","0.29"
"2026-03-27","19:00 EDT","KNX","1","2.21","2.22","RIC","0","0.58","0.58","1","1.63","1.64","1","2.47","0.35"
"2026-03-25","19:00 EDT","GVL","2","2.06","2.06","NYC","2","1.19","1.28","0","0.87","0.78","1","2.04","0.75"
"2026-03-24","19:00 EDT","KNX","0","1.30","1.30","CRP","0","0.16","0.16","0","1.14","1.14","0","2.33","0.39"
"2026-03-22","17:00 EDT","OMA","2","1.63","1.63","ACB","2","1.63","1.63","0","0.00","0.00","1","1.37","1.36"
"2026-03-21","22:30 EDT","AVA","0","1.25","1.28","POR","0","0.74","0.74","0","0.51","0.54","0","1.78","0.91"
"2026-03-21","18:00 EDT","RIC","0","1.09","1.09","FCN","1","0.18","0.18","-1","0.91","0.91","-1","2.20","0.49"
"2026-03-21","15:00 EDT","SPK","3","1.83","1.83","NYC","1","2.64","3.11","2","-0.81","-1.28","2","0.85","1.93"
"2026-03-15","18:00 EDT","SPK","0","0.63","0.64","OMA","0","1.00","1.00","0","-0.37","-0.37","1","0.97","1.68"
"2026-03-14","19:30 EDT","SAR","2","1.86","1.87","FW","2","0.75","0.75","0","1.11","1.12","0","2.14","0.63"
"2026-03-14","19:00 EDT","FCN","2","1.49","1.51","CRP","2","1.09","1.09","0","0.41","0.42","0","1.76","0.98"
"2026-03-14","19:00 EDT","GVL","1","1.84","1.90","CHA","2","0.56","0.56","-1","1.28","1.34","-1","2.38","0.44"
"2026-03-14","19:00 EDT","WES","1","0.81","0.81","CLT","1","2.37","2.46","0","-1.56","-1.65","0","0.41","2.42"
"2026-03-14","19:00 EDT","KNX","1","1.33","1.34","MAD","2","1.35","1.35","-1","-0.01","-0.01","-1","1.35","1.37"
"2026-03-14","14:00 EDT","NYC","1","1.03","1.03","POR","3","1.24","1.24","-2","-0.21","-0.21","-2","1.19","1.51"
"2026-03-07","22:30 EST","AVA","1","1.93","1.94","RIC","1","0.95","0.95","0","0.98","0.99","0","2.14","0.62"
"2026-03-07","21:10 EST","SAR","0","0.82","0.82","ACB","1","1.14","1.14","-1","-0.32","-0.32","-1","1.00","1.70"
"2026-03-07","19:00 EST","WES","2","1.63","1.63","KNX","3","1.40","1.40","-1","0.22","0.23","-1","1.54","1.16"
"2026-03-07","19:00 EST","FCN","2","1.15","1.15","FW","0","1.58","1.59","2","-0.43","-0.44","2","1.05","1.67"